processed_filename,original_filename,age,gender
18_1_0_20170109212936696_proc.png,18_1_0_20170109212936696.jpg.chip.jpg,18,F
18_1_0_20170109212417557_proc.png,18_1_0_20170109212417557.jpg.chip.jpg,18,F
25_1_0_20170104023032454_proc.png,25_1_0_20170104023032454.jpg.chip.jpg,25,F
19_1_0_20170109213247084_proc.png,19_1_0_20170109213247084.jpg.chip.jpg,19,F
18_1_0_20170109214455239_proc.png,18_1_0_20170109214455239.jpg.chip.jpg,18,F
23_1_0_20170116221811019_proc.png,23_1_0_20170116221811019.jpg.chip.jpg,23,F
25_1_0_20170116201701430_proc.png,25_1_0_20170116201701430.jpg.chip.jpg,25,F
18_1_0_20170109213938695_proc.png,18_1_0_20170109213938695.jpg.chip.jpg,18,F
21_1_0_20170117142326768_proc.png,21_1_0_20170117142326768.jpg.chip.jpg,21,F
24_1_0_20170117150535820_proc.png,24_1_0_20170117150535820.jpg.chip.jpg,24,F
18_1_0_20170109213935367_proc.png,18_1_0_20170109213935367.jpg.chip.jpg,18,F
21_1_0_20170112233433959_proc.png,21_1_0_20170112233433959.jpg.chip.jpg,21,F
25_1_0_20170117140138784_proc.png,25_1_0_20170117140138784.jpg.chip.jpg,25,F
18_1_0_20170109214559082_proc.png,18_1_0_20170109214559082.jpg.chip.jpg,18,F
25_1_0_20170116223848612_proc.png,25_1_0_20170116223848612.jpg.chip.jpg,25,F
23_1_0_20170116221812669_proc.png,23_1_0_20170116221812669.jpg.chip.jpg,23,F
24_1_0_20170105183618095_proc.png,24_1_0_20170105183618095.jpg.chip.jpg,24,F
23_1_0_20170112234244982_proc.png,23_1_0_20170112234244982.jpg.chip.jpg,23,F
18_1_0_20170117140340105_proc.png,18_1_0_20170117140340105.jpg.chip.jpg,18,F
18_1_0_20170109214646809_proc.png,18_1_0_20170109214646809.jpg.chip.jpg,18,F
18_1_0_20170117140331327_proc.png,18_1_0_20170117140331327.jpg.chip.jpg,18,F
18_1_0_20170117150406531_proc.png,18_1_0_20170117150406531.jpg.chip.jpg,18,F
23_1_0_20170117142807780_proc.png,23_1_0_20170117142807780.jpg.chip.jpg,23,F
18_1_0_20170109214608184_proc.png,18_1_0_20170109214608184.jpg.chip.jpg,18,F
19_1_0_20170112231655238_proc.png,19_1_0_20170112231655238.jpg.chip.jpg,19,F
20_1_0_20170117193612788_proc.png,20_1_0_20170117193612788.jpg.chip.jpg,20,F
22_1_0_20170103183738666_proc.png,22_1_0_20170103183738666.jpg.chip.jpg,22,F
24_1_0_20170116220232605_proc.png,24_1_0_20170116220232605.jpg.chip.jpg,24,F
18_1_0_20170109214512153_proc.png,18_1_0_20170109214512153.jpg.chip.jpg,18,F
24_1_0_20170105003235308_proc.png,24_1_0_20170105003235308.jpg.chip.jpg,24,F
21_1_0_20170103201838744_proc.png,21_1_0_20170103201838744.jpg.chip.jpg,21,F
21_1_0_20170105002525812_proc.png,21_1_0_20170105002525812.jpg.chip.jpg,21,F
25_1_0_20170117142737553_proc.png,25_1_0_20170117142737553.jpg.chip.jpg,25,F
18_1_0_20170109214251980_proc.png,18_1_0_20170109214251980.jpg.chip.jpg,18,F
21_1_0_20170104231331482_proc.png,21_1_0_20170104231331482.jpg.chip.jpg,21,F
18_1_0_20170105002457379_proc.png,18_1_0_20170105002457379.jpg.chip.jpg,18,F
22_1_0_20170103180211110_proc.png,22_1_0_20170103180211110.jpg.chip.jpg,22,F
20_1_0_20170117141400913_proc.png,20_1_0_20170117141400913.jpg.chip.jpg,20,F
20_1_0_20170103175645974_proc.png,20_1_0_20170103175645974.jpg.chip.jpg,20,F
22_1_0_20170116220936851_proc.png,22_1_0_20170116220936851.jpg.chip.jpg,22,F
25_1_0_20170116223849950_proc.png,25_1_0_20170116223849950.jpg.chip.jpg,25,F
25_1_0_20170117191541627_proc.png,25_1_0_20170117191541627.jpg.chip.jpg,25,F
24_1_0_20170104022800709_proc.png,24_1_0_20170104022800709.jpg.chip.jpg,24,F
23_1_0_20170116221717766_proc.png,23_1_0_20170116221717766.jpg.chip.jpg,23,F
22_1_0_20170120133800998_proc.png,22_1_0_20170120133800998.jpg.chip.jpg,22,F
18_1_0_20170117135802544_proc.png,18_1_0_20170117135802544.jpg.chip.jpg,18,F
20_1_0_20170117183640921_proc.png,20_1_0_20170117183640921.jpg.chip.jpg,20,F
25_1_0_20170119172023545_proc.png,25_1_0_20170119172023545.jpg.chip.jpg,25,F
25_1_0_20170109214731480_proc.png,25_1_0_20170109214731480.jpg.chip.jpg,25,F
22_1_0_20170105002545990_proc.png,22_1_0_20170105002545990.jpg.chip.jpg,22,F
18_1_0_20170109213008587_proc.png,18_1_0_20170109213008587.jpg.chip.jpg,18,F
22_1_0_20170112233750014_proc.png,22_1_0_20170112233750014.jpg.chip.jpg,22,F
25_1_0_20170117152041619_proc.png,25_1_0_20170117152041619.jpg.chip.jpg,25,F
23_1_0_20170104165334721_proc.png,23_1_0_20170104165334721.jpg.chip.jpg,23,F
19_1_0_20170103175610671_proc.png,19_1_0_20170103175610671.jpg.chip.jpg,19,F
23_1_0_20170103180518664_proc.png,23_1_0_20170103180518664.jpg.chip.jpg,23,F
20_1_0_20170109214040024_proc.png,20_1_0_20170109214040024.jpg.chip.jpg,20,F
22_1_0_20170103163248351_proc.png,22_1_0_20170103163248351.jpg.chip.jpg,22,F
19_1_0_20170116212113630_proc.png,19_1_0_20170116212113630.jpg.chip.jpg,19,F
25_1_0_20170104234942017_proc.png,25_1_0_20170104234942017.jpg.chip.jpg,25,F
20_1_0_20170103175525991_proc.png,20_1_0_20170103175525991.jpg.chip.jpg,20,F
18_1_0_20170109213413212_proc.png,18_1_0_20170109213413212.jpg.chip.jpg,18,F
22_1_0_20170117171049498_proc.png,22_1_0_20170117171049498.jpg.chip.jpg,22,F
23_1_0_20170104234542547_proc.png,23_1_0_20170104234542547.jpg.chip.jpg,23,F
22_1_0_20170114033329650_proc.png,22_1_0_20170114033329650.jpg.chip.jpg,22,F
23_1_0_20170117144822363_proc.png,23_1_0_20170117144822363.jpg.chip.jpg,23,F
18_1_0_20170109214309566_proc.png,18_1_0_20170109214309566.jpg.chip.jpg,18,F
23_1_0_20170116221815459_proc.png,23_1_0_20170116221815459.jpg.chip.jpg,23,F
23_1_0_20170117144945297_proc.png,23_1_0_20170117144945297.jpg.chip.jpg,23,F
24_1_0_20170116220317125_proc.png,24_1_0_20170116220317125.jpg.chip.jpg,24,F
18_1_0_20170109214700491_proc.png,18_1_0_20170109214700491.jpg.chip.jpg,18,F
21_1_0_20170117142529474_proc.png,21_1_0_20170117142529474.jpg.chip.jpg,21,F
23_1_0_20170117145105755_proc.png,23_1_0_20170117145105755.jpg.chip.jpg,23,F
20_1_0_20170116211743925_proc.png,20_1_0_20170116211743925.jpg.chip.jpg,20,F
22_1_0_20170117143206386_proc.png,22_1_0_20170117143206386.jpg.chip.jpg,22,F
24_1_0_20170104022714148_proc.png,24_1_0_20170104022714148.jpg.chip.jpg,24,F
24_1_0_20170116211912644_proc.png,24_1_0_20170116211912644.jpg.chip.jpg,24,F
24_1_0_20170117150813388_proc.png,24_1_0_20170117150813388.jpg.chip.jpg,24,F
25_1_0_20170116213524092_proc.png,25_1_0_20170116213524092.jpg.chip.jpg,25,F
21_1_0_20170117142333762_proc.png,21_1_0_20170117142333762.jpg.chip.jpg,21,F
24_1_0_20170116000527997_proc.png,24_1_0_20170116000527997.jpg.chip.jpg,24,F
20_1_0_20170114031424981_proc.png,20_1_0_20170114031424981.jpg.chip.jpg,20,F
25_1_0_20170117143909681_proc.png,25_1_0_20170117143909681.jpg.chip.jpg,25,F
18_1_0_20170109213544430_proc.png,18_1_0_20170109213544430.jpg.chip.jpg,18,F
25_1_0_20170104022944286_proc.png,25_1_0_20170104022944286.jpg.chip.jpg,25,F
23_1_0_20170116222839270_proc.png,23_1_0_20170116222839270.jpg.chip.jpg,23,F
25_1_0_20170112235132967_proc.png,25_1_0_20170112235132967.jpg.chip.jpg,25,F
20_1_0_20170117193547491_proc.png,20_1_0_20170117193547491.jpg.chip.jpg,20,F
18_1_0_20170109213142404_proc.png,18_1_0_20170109213142404.jpg.chip.jpg,18,F
25_1_0_20170103180907920_proc.png,25_1_0_20170103180907920.jpg.chip.jpg,25,F
18_1_0_20170109212847067_proc.png,18_1_0_20170109212847067.jpg.chip.jpg,18,F
24_1_0_20170116220210491_proc.png,24_1_0_20170116220210491.jpg.chip.jpg,24,F
18_1_0_20170109214601671_proc.png,18_1_0_20170109214601671.jpg.chip.jpg,18,F
18_1_0_20170109212425897_proc.png,18_1_0_20170109212425897.jpg.chip.jpg,18,F
23_1_0_20170112234124928_proc.png,23_1_0_20170112234124928.jpg.chip.jpg,23,F
18_1_0_20170109213904824_proc.png,18_1_0_20170109213904824.jpg.chip.jpg,18,F
20_1_0_20170109213016635_proc.png,20_1_0_20170109213016635.jpg.chip.jpg,20,F
19_1_0_20170103162951552_proc.png,19_1_0_20170103162951552.jpg.chip.jpg,19,F
23_1_0_20170117144757777_proc.png,23_1_0_20170117144757777.jpg.chip.jpg,23,F
22_1_0_20170111182452750_proc.png,22_1_0_20170111182452750.jpg.chip.jpg,22,F
25_1_0_20170103180835288_proc.png,25_1_0_20170103180835288.jpg.chip.jpg,25,F
19_1_0_20170103175624137_proc.png,19_1_0_20170103175624137.jpg.chip.jpg,19,F
18_1_0_20170109212921724_proc.png,18_1_0_20170109212921724.jpg.chip.jpg,18,F
23_1_0_20170117144740562_proc.png,23_1_0_20170117144740562.jpg.chip.jpg,23,F
23_1_0_20170112234313416_proc.png,23_1_0_20170112234313416.jpg.chip.jpg,23,F
22_1_0_20170112233719345_proc.png,22_1_0_20170112233719345.jpg.chip.jpg,22,F
25_1_0_20170117141726361_proc.png,25_1_0_20170117141726361.jpg.chip.jpg,25,F
18_1_0_20170109214004496_proc.png,18_1_0_20170109214004496.jpg.chip.jpg,18,F
21_1_0_20170114032157249_proc.png,21_1_0_20170114032157249.jpg.chip.jpg,21,F
23_1_0_20170117144933457_proc.png,23_1_0_20170117144933457.jpg.chip.jpg,23,F
24_1_0_20170116214235749_proc.png,24_1_0_20170116214235749.jpg.chip.jpg,24,F
24_1_0_20170105000615467_proc.png,24_1_0_20170105000615467.jpg.chip.jpg,24,F
20_1_0_20170109214618635_proc.png,20_1_0_20170109214618635.jpg.chip.jpg,20,F
20_1_0_20170103175629504_proc.png,20_1_0_20170103175629504.jpg.chip.jpg,20,F
18_1_0_20170102235007970_proc.png,18_1_0_20170102235007970.jpg.chip.jpg,18,F
25_1_0_20170103183722595_proc.png,25_1_0_20170103183722595.jpg.chip.jpg,25,F
23_1_0_20170103163102400_proc.png,23_1_0_20170103163102400.jpg.chip.jpg,23,F
24_1_0_20170116174738833_proc.png,24_1_0_20170116174738833.jpg.chip.jpg,24,F
18_1_0_20170109214044181_proc.png,18_1_0_20170109214044181.jpg.chip.jpg,18,F
18_1_0_20170109212908376_proc.png,18_1_0_20170109212908376.jpg.chip.jpg,18,F
22_1_0_20170116220938702_proc.png,22_1_0_20170116220938702.jpg.chip.jpg,22,F
20_1_0_20170109212842300_proc.png,20_1_0_20170109212842300.jpg.chip.jpg,20,F
24_1_0_20170109214739809_proc.png,24_1_0_20170109214739809.jpg.chip.jpg,24,F
21_1_0_20170116214444473_proc.png,21_1_0_20170116214444473.jpg.chip.jpg,21,F
21_1_0_20170117142341545_proc.png,21_1_0_20170117142341545.jpg.chip.jpg,21,F
23_1_0_20170112234331591_proc.png,23_1_0_20170112234331591.jpg.chip.jpg,23,F
24_1_0_20170116211933213_proc.png,24_1_0_20170116211933213.jpg.chip.jpg,24,F
18_1_0_20170117140440920_proc.png,18_1_0_20170117140440920.jpg.chip.jpg,18,F
24_1_0_20170117150909051_proc.png,24_1_0_20170117150909051.jpg.chip.jpg,24,F
24_1_0_20170116222759439_proc.png,24_1_0_20170116222759439.jpg.chip.jpg,24,F
18_1_0_20170109212538216_proc.png,18_1_0_20170109212538216.jpg.chip.jpg,18,F
22_1_0_20170112233731616_proc.png,22_1_0_20170112233731616.jpg.chip.jpg,22,F
21_1_0_20170109213123896_proc.png,21_1_0_20170109213123896.jpg.chip.jpg,21,F
23_1_0_20170116173236417_proc.png,23_1_0_20170116173236417.jpg.chip.jpg,23,F
25_1_0_20170119172027811_proc.png,25_1_0_20170119172027811.jpg.chip.jpg,25,F
24_1_0_20170111182452767_proc.png,24_1_0_20170111182452767.jpg.chip.jpg,24,F
25_1_0_20170117141331623_proc.png,25_1_0_20170117141331623.jpg.chip.jpg,25,F
22_1_0_20170116214345265_proc.png,22_1_0_20170116214345265.jpg.chip.jpg,22,F
25_1_0_20170117195134252_proc.png,25_1_0_20170117195134252.jpg.chip.jpg,25,F
18_1_0_20170109214453184_proc.png,18_1_0_20170109214453184.jpg.chip.jpg,18,F
25_1_0_20170117151432922_proc.png,25_1_0_20170117151432922.jpg.chip.jpg,25,F
24_1_0_20170117194800876_proc.png,24_1_0_20170117194800876.jpg.chip.jpg,24,F
23_1_0_20170116221829961_proc.png,23_1_0_20170116221829961.jpg.chip.jpg,23,F
19_1_0_20170104011946801_proc.png,19_1_0_20170104011946801.jpg.chip.jpg,19,F
24_1_0_20170116215632635_proc.png,24_1_0_20170116215632635.jpg.chip.jpg,24,F
25_1_0_20170117140853353_proc.png,25_1_0_20170117140853353.jpg.chip.jpg,25,F
20_1_0_20170104020855852_proc.png,20_1_0_20170104020855852.jpg.chip.jpg,20,F
18_1_0_20170109212914272_proc.png,18_1_0_20170109212914272.jpg.chip.jpg,18,F
20_1_0_20170113005610158_proc.png,20_1_0_20170113005610158.jpg.chip.jpg,20,F
20_1_0_20170103201733831_proc.png,20_1_0_20170103201733831.jpg.chip.jpg,20,F
25_1_0_20170117152038451_proc.png,25_1_0_20170117152038451.jpg.chip.jpg,25,F
23_1_0_20170117145123986_proc.png,23_1_0_20170117145123986.jpg.chip.jpg,23,F
25_1_0_20170119172030770_proc.png,25_1_0_20170119172030770.jpg.chip.jpg,25,F
24_1_0_20170116214532199_proc.png,24_1_0_20170116214532199.jpg.chip.jpg,24,F
20_1_0_20170117133854316_proc.png,20_1_0_20170117133854316.jpg.chip.jpg,20,F
25_1_0_20170103163718321_proc.png,25_1_0_20170103163718321.jpg.chip.jpg,25,F
18_1_0_20170109214120554_proc.png,18_1_0_20170109214120554.jpg.chip.jpg,18,F
22_1_0_20170109213059848_proc.png,22_1_0_20170109213059848.jpg.chip.jpg,22,F
24_1_0_20170117194916850_proc.png,24_1_0_20170117194916850.jpg.chip.jpg,24,F
20_1_0_20170117141358391_proc.png,20_1_0_20170117141358391.jpg.chip.jpg,20,F
18_1_0_20170109205411880_proc.png,18_1_0_20170109205411880.jpg.chip.jpg,18,F
18_1_0_20170109213911368_proc.png,18_1_0_20170109213911368.jpg.chip.jpg,18,F
25_1_0_20170117145650515_proc.png,25_1_0_20170117145650515.jpg.chip.jpg,25,F
22_1_0_20170112192301390_proc.png,22_1_0_20170112192301390.jpg.chip.jpg,22,F
25_1_0_20170117143952249_proc.png,25_1_0_20170117143952249.jpg.chip.jpg,25,F
20_1_0_20170103163040136_proc.png,20_1_0_20170103163040136.jpg.chip.jpg,20,F
25_1_0_20170103163054063_proc.png,25_1_0_20170103163054063.jpg.chip.jpg,25,F
19_1_0_20170109212903959_proc.png,19_1_0_20170109212903959.jpg.chip.jpg,19,F
18_1_0_20170109214554528_proc.png,18_1_0_20170109214554528.jpg.chip.jpg,18,F
18_1_0_20170109212422272_proc.png,18_1_0_20170109212422272.jpg.chip.jpg,18,F
18_1_0_20170104022856102_proc.png,18_1_0_20170104022856102.jpg.chip.jpg,18,F
23_1_0_20170116221829199_proc.png,23_1_0_20170116221829199.jpg.chip.jpg,23,F
24_1_0_20170103163127424_proc.png,24_1_0_20170103163127424.jpg.chip.jpg,24,F
25_1_0_20170116223905448_proc.png,25_1_0_20170116223905448.jpg.chip.jpg,25,F
25_1_0_20170117140624359_proc.png,25_1_0_20170117140624359.jpg.chip.jpg,25,F
23_1_0_20170104021538021_proc.png,23_1_0_20170104021538021.jpg.chip.jpg,23,F
18_1_0_20170117140343665_proc.png,18_1_0_20170117140343665.jpg.chip.jpg,18,F
18_1_0_20170109213919463_proc.png,18_1_0_20170109213919463.jpg.chip.jpg,18,F
18_1_0_20170109212828069_proc.png,18_1_0_20170109212828069.jpg.chip.jpg,18,F
18_1_0_20170109212849263_proc.png,18_1_0_20170109212849263.jpg.chip.jpg,18,F
24_1_0_20170116205900085_proc.png,24_1_0_20170116205900085.jpg.chip.jpg,24,F
21_1_0_20170117142338224_proc.png,21_1_0_20170117142338224.jpg.chip.jpg,21,F
25_1_0_20170117203811656_proc.png,25_1_0_20170117203811656.jpg.chip.jpg,25,F
18_1_0_20170109212814819_proc.png,18_1_0_20170109212814819.jpg.chip.jpg,18,F
23_1_0_20170117144812555_proc.png,23_1_0_20170117144812555.jpg.chip.jpg,23,F
21_1_0_20170112233431458_proc.png,21_1_0_20170112233431458.jpg.chip.jpg,21,F
20_1_0_20170117141204569_proc.png,20_1_0_20170117141204569.jpg.chip.jpg,20,F
20_1_0_20170119153738075_proc.png,20_1_0_20170119153738075.jpg.chip.jpg,20,F
21_1_0_20170117141834506_proc.png,21_1_0_20170117141834506.jpg.chip.jpg,21,F
23_1_0_20170104023208069_proc.png,23_1_0_20170104023208069.jpg.chip.jpg,23,F
21_1_0_20170105183522855_proc.png,21_1_0_20170105183522855.jpg.chip.jpg,21,F
18_1_0_20170109214503497_proc.png,18_1_0_20170109214503497.jpg.chip.jpg,18,F
22_1_0_20170116220934918_proc.png,22_1_0_20170116220934918.jpg.chip.jpg,22,F
24_1_0_20170112230455412_proc.png,24_1_0_20170112230455412.jpg.chip.jpg,24,F
18_1_0_20170109212830216_proc.png,18_1_0_20170109212830216.jpg.chip.jpg,18,F
20_1_0_20170103201716816_proc.png,20_1_0_20170103201716816.jpg.chip.jpg,20,F
20_1_0_20170119153410801_proc.png,20_1_0_20170119153410801.jpg.chip.jpg,20,F
25_1_0_20170117195346437_proc.png,25_1_0_20170117195346437.jpg.chip.jpg,25,F
23_1_0_20170112234202903_proc.png,23_1_0_20170112234202903.jpg.chip.jpg,23,F
18_1_0_20170109214106546_proc.png,18_1_0_20170109214106546.jpg.chip.jpg,18,F
